[
	{
		"id": 483677565,
		"uid": 0,
		"balance": 5000,
		"bank": 0,
		"btc": 0,
		"farm_btc": 0,
		"biz": 0,
		"rating": 0,
		"regDate": "5.11.2018",
		"mention": true,
		"ban": false,
		"timers": {
			"hasWorked": false,
			"bonus": false
		},
		"tag": "Илья",
		"work": 0,
		"business": 0,
		"notifications": true,
		"exp": 1,
		"level": 1,
		"referal": null,
		"transport": {
			"car": 0,
			"yacht": 0,
			"airplane": 0,
			"helicopter": 0
		},
		"realty": {
			"home": 0,
			"apartment": 0
		},
		"misc": {
			"phone": 0,
			"farm": 0
		},
		"marriage": {
			"partner": 0,
			"requests": []
		}
	},
	{
		"id": 508391242,
		"uid": 1,
		"balance": 3000,
		"bank": 0,
		"btc": 0,
		"farm_btc": 0,
		"biz": 0,
		"rating": 0,
		"regDate": "25.4.2019",
		"mention": true,
		"ban": false,
		"timers": {
			"hasWorked": false,
			"bonus": false
		},
		"tag": "Тёма",
		"work": 0,
		"business": 0,
		"notifications": true,
		"exp": 1,
		"level": 1,
		"referal": null,
		"transport": {
			"car": 0,
			"yacht": 0,
			"airplane": 0,
			"helicopter": 0
		},
		"realty": {
			"home": 0,
			"apartment": 0
		},
		"misc": {
			"phone": 0,
			"farm": 0
		},
		"marriage": {
			"partner": 0,
			"requests": []
		}
	},
	{
		"id": 521136338,
		"uid": 2,
		"balance": 562096261753,
		"bank": 311100000993,
		"btc": 300997,
		"farm_btc": 100,
		"biz": 1000000,
		"rating": 30996,
		"regDate": "14.4.2020",
		"mention": true,
		"ban": false,
		"timers": {
			"hasWorked": false,
			"bonus": false
		},
		"tag": "хуй",
		"work": 3,
		"business": 10,
		"notifications": true,
		"exp": 3,
		"level": 24,
		"referal": 102,
		"transport": {
			"car": 26,
			"yacht": 0,
			"airplane": 0,
			"helicopter": 13
		},
		"realty": {
			"home": 14,
			"apartment": 0
		},
		"misc": {
			"phone": 0,
			"farm": 3
		},
		"marriage": {
			"partner": 0,
			"requests": []
		}
	},
	{
		"id": 545678174,
		"uid": 3,
		"balance": 4550,
		"bank": 0,
		"btc": 0,
		"farm_btc": 0,
		"biz": 0,
		"rating": 0,
		"regDate": "14.4.2020",
		"mention": true,
		"ban": false,
		"timers": {
			"hasWorked": false,
			"bonus": false
		},
		"tag": "Варвара",
		"work": 0,
		"business": 0,
		"notifications": true,
		"exp": 1,
		"level": 1,
		"referal": null,
		"transport": {
			"car": 0,
			"yacht": 0,
			"airplane": 0,
			"helicopter": 0
		},
		"realty": {
			"home": 0,
			"apartment": 0
		},
		"misc": {
			"phone": 0,
			"farm": 0
		},
		"marriage": {
			"partner": 0,
			"requests": []
		}
	},
	{
		"id": 527374998,
		"uid": 4,
		"balance": 3466786432111,
		"bank": 0,
		"btc": 0,
		"farm_btc": 100,
		"biz": 50000000,
		"rating": 305,
		"regDate": "14.4.2020",
		"mention": true,
		"ban": false,
		"timers": {
			"hasWorked": false,
			"bonus": false
		},
		"tag": "Бог Солнца",
		"work": 1,
		"business": 11,
		"notifications": true,
		"exp": 4,
		"level": 1,
		"referal": 50,
		"transport": {
			"car": 23,
			"yacht": 0,
			"airplane": 0,
			"helicopter": 13
		},
		"realty": {
			"home": 1,
			"apartment": 0
		},
		"misc": {
			"phone": 0,
			"farm": 3
		},
		"marriage": {
			"partner": 10,
			"requests": []
		}
	},
	{
		"id": 360816444,
		"uid": 5,
		"balance": 433990000000,
		"bank": 0,
		"btc": 0,
		"farm_btc": 0,
		"biz": 0,
		"rating": 1060,
		"regDate": "14.4.2020",
		"mention": true,
		"ban": false,
		"timers": {
			"hasWorked": false,
			"bonus": false
		},
		"tag": "Влад Бог",
		"work": 0,
		"business": 0,
		"notifications": true,
		"exp": 2,
		"level": 1,
		"referal": 4,
		"transport": {
			"car": 25,
			"yacht": 0,
			"airplane": 0,
			"helicopter": 0
		},
		"realty": {
			"home": 15,
			"apartment": 0
		},
		"misc": {
			"phone": 0,
			"farm": 0
		},
		"marriage": {
			"partner": 12,
			"requests": []
		}
	},
	{
		"id": 190985366,
		"uid": 6,
		"balance": 5000,
		"bank": 0,
		"btc": 0,
		"farm_btc": 0,
		"biz": 0,
		"rating": 0,
		"regDate": "14.4.2020",
		"mention": true,
		"ban": false,
		"timers": {
			"hasWorked": false,
			"bonus": false
		},
		"tag": "Егор",
		"work": 0,
		"business": 0,
		"notifications": true,
		"exp": 1,
		"level": 1,
		"referal": null,
		"transport": {
			"car": 0,
			"yacht": 0,
			"airplane": 0,
			"helicopter": 0
		},
		"realty": {
			"home": 0,
			"apartment": 0
		},
		"misc": {
			"phone": 0,
			"farm": 0
		},
		"marriage": {
			"partner": 0,
			"requests": []
		}
	},
	{
		"id": 593345906,
		"uid": 7,
		"balance": 0,
		"bank": 0,
		"btc": 0,
		"farm_btc": 0,
		"biz": 0,
		"rating": 0,
		"regDate": "14.4.2020",
		"mention": true,
		"ban": false,
		"timers": {
			"hasWorked": false,
			"bonus": false
		},
		"tag": "😭",
		"work": 0,
		"business": 0,
		"notifications": true,
		"exp": 1,
		"level": 1,
		"referal": null,
		"transport": {
			"car": 3,
			"yacht": 0,
			"airplane": 0,
			"helicopter": 0
		},
		"realty": {
			"home": 0,
			"apartment": 0
		},
		"misc": {
			"phone": 0,
			"farm": 0
		},
		"marriage": {
			"partner": 0,
			"requests": []
		}
	},
	{
		"id": 373894212,
		"uid": 8,
		"balance": 60005000,
		"bank": 0,
		"btc": 0,
		"farm_btc": 0,
		"biz": 0,
		"rating": 0,
		"regDate": "14.4.2020",
		"mention": true,
		"ban": false,
		"timers": {
			"hasWorked": false,
			"bonus": false
		},
		"tag": "Ника",
		"work": 0,
		"business": 0,
		"notifications": true,
		"exp": 1,
		"level": 1,
		"referal": 4,
		"transport": {
			"car": 0,
			"yacht": 0,
			"airplane": 0,
			"helicopter": 0
		},
		"realty": {
			"home": 0,
			"apartment": 0
		},
		"misc": {
			"phone": 0,
			"farm": 0
		},
		"marriage": {
			"partner": 0,
			"requests": []
		}
	},
	{
		"id": 405829085,
		"uid": 9,
		"balance": 5000,
		"bank": 0,
		"btc": 0,
		"farm_btc": 0,
		"biz": 0,
		"rating": 0,
		"regDate": "14.4.2020",
		"mention": true,
		"ban": false,
		"timers": {
			"hasWorked": false,
			"bonus": false
		},
		"tag": "Дарья",
		"work": 0,
		"business": 0,
		"notifications": true,
		"exp": 1,
		"level": 1,
		"referal": null,
		"transport": {
			"car": 0,
			"yacht": 0,
			"airplane": 0,
			"helicopter": 0
		},
		"realty": {
			"home": 0,
			"apartment": 0
		},
		"misc": {
			"phone": 0,
			"farm": 0
		},
		"marriage": {
			"partner": 0,
			"requests": []
		}
	},
	{
		"id": 507166394,
		"uid": 10,
		"balance": 10005000,
		"bank": 0,
		"btc": 0,
		"farm_btc": 0,
		"biz": 0,
		"rating": 0,
		"regDate": "14.4.2020",
		"mention": true,
		"ban": false,
		"timers": {
			"hasWorked": false,
			"bonus": false
		},
		"tag": "Аня",
		"work": 0,
		"business": 0,
		"notifications": true,
		"exp": 1,
		"level": 1,
		"referal": null,
		"transport": {
			"car": 0,
			"yacht": 0,
			"airplane": 0,
			"helicopter": 0
		},
		"realty": {
			"home": 0,
			"apartment": 0
		},
		"misc": {
			"phone": 0,
			"farm": 0
		},
		"marriage": {
			"partner": 4,
			"requests": []
		}
	},
	{
		"id": 500394633,
		"uid": 11,
		"balance": 5000,
		"bank": 0,
		"btc": 0,
		"farm_btc": 0,
		"biz": 0,
		"rating": 0,
		"regDate": "14.4.2020",
		"mention": true,
		"ban": false,
		"timers": {
			"hasWorked": false,
			"bonus": false
		},
		"tag": "Самира",
		"work": 0,
		"business": 0,
		"notifications": true,
		"exp": 1,
		"level": 1,
		"referal": null,
		"transport": {
			"car": 0,
			"yacht": 0,
			"airplane": 0,
			"helicopter": 0
		},
		"realty": {
			"home": 0,
			"apartment": 0
		},
		"misc": {
			"phone": 0,
			"farm": 0
		},
		"marriage": {
			"partner": 0,
			"requests": []
		}
	},
	{
		"id": 451843712,
		"uid": 12,
		"balance": 917011814,
		"bank": 0,
		"btc": 0,
		"farm_btc": 0,
		"biz": 0,
		"rating": 0,
		"regDate": "17.4.2020",
		"mention": true,
		"ban": false,
		"timers": {
			"hasWorked": false,
			"bonus": false
		},
		"tag": "Семен",
		"work": 0,
		"business": 0,
		"notifications": true,
		"exp": 1,
		"level": 1,
		"referal": null,
		"transport": {
			"car": 0,
			"yacht": 0,
			"airplane": 0,
			"helicopter": 0
		},
		"realty": {
			"home": 0,
			"apartment": 0
		},
		"misc": {
			"phone": 0,
			"farm": 0
		},
		"marriage": {
			"partner": 5,
			"requests": []
		}
	},
	{
		"id": 483735662,
		"uid": 13,
		"balance": 5000,
		"bank": 0,
		"btc": 0,
		"farm_btc": 0,
		"biz": 0,
		"rating": 0,
		"regDate": "17.4.2020",
		"mention": true,
		"ban": false,
		"timers": {
			"hasWorked": false,
			"bonus": false
		},
		"tag": "Алина",
		"work": 0,
		"business": 0,
		"notifications": true,
		"exp": 1,
		"level": 1,
		"referal": null,
		"transport": {
			"car": 0,
			"yacht": 0,
			"airplane": 0,
			"helicopter": 0
		},
		"realty": {
			"home": 0,
			"apartment": 0
		},
		"misc": {
			"phone": 0,
			"farm": 0
		},
		"marriage": {
			"partner": 0,
			"requests": []
		}
	},
	{
		"id": 561581347,
		"uid": 14,
		"balance": 5000,
		"bank": 0,
		"btc": 0,
		"farm_btc": 0,
		"biz": 0,
		"rating": 0,
		"regDate": "17.4.2020",
		"mention": true,
		"ban": false,
		"timers": {
			"hasWorked": false,
			"bonus": false
		},
		"tag": "Анастасия",
		"work": 0,
		"business": 0,
		"notifications": true,
		"exp": 1,
		"level": 1,
		"referal": null,
		"transport": {
			"car": 0,
			"yacht": 0,
			"airplane": 0,
			"helicopter": 0
		},
		"realty": {
			"home": 0,
			"apartment": 0
		},
		"misc": {
			"phone": 0,
			"farm": 0
		},
		"marriage": {
			"partner": 0,
			"requests": []
		}
	},
	{
		"id": 266270083,
		"uid": 15,
		"balance": 5000,
		"bank": 0,
		"btc": 0,
		"farm_btc": 0,
		"biz": 0,
		"rating": 0,
		"regDate": "17.4.2020",
		"mention": true,
		"ban": false,
		"timers": {
			"hasWorked": false,
			"bonus": false
		},
		"tag": "Сергей",
		"work": 0,
		"business": 0,
		"notifications": true,
		"exp": 1,
		"level": 1,
		"referal": null,
		"transport": {
			"car": 0,
			"yacht": 0,
			"airplane": 0,
			"helicopter": 0
		},
		"realty": {
			"home": 0,
			"apartment": 0
		},
		"misc": {
			"phone": 0,
			"farm": 0
		},
		"marriage": {
			"partner": 0,
			"requests": []
		}
	},
	{
		"id": 579265794,
		"uid": 16,
		"balance": 5000,
		"bank": 0,
		"btc": 0,
		"farm_btc": 0,
		"biz": 0,
		"rating": 0,
		"regDate": "17.4.2020",
		"mention": true,
		"ban": false,
		"timers": {
			"hasWorked": false,
			"bonus": false
		},
		"tag": "Амия",
		"work": 0,
		"business": 0,
		"notifications": true,
		"exp": 1,
		"level": 1,
		"referal": null,
		"transport": {
			"car": 0,
			"yacht": 0,
			"airplane": 0,
			"helicopter": 0
		},
		"realty": {
			"home": 0,
			"apartment": 0
		},
		"misc": {
			"phone": 0,
			"farm": 0
		},
		"marriage": {
			"partner": 0,
			"requests": []
		}
	}
]